{
  "sleep_duration|hrv_daily": {
    "edge": "sleep_duration|hrv_daily",
    "elapsed_sec": 4712.82851266861,
    "n_rows": 26415,
    "n_participants": 300,
    "n_cohorts": 3,
    "divergences": 53,
    "pop_diagnostics": {
      "max_rhat": 1.7784788079440554,
      "worst_rhat_param": "sigma_theta_individual",
      "min_ess": 61.59763490450011,
      "worst_ess_param": "sigma_theta_individual"
    },
    "cohort_diagnostics": {
      "max_rhat": 1.3195304073620193,
      "worst_rhat_param": "theta_cohort",
      "min_ess": 86.10561861117908,
      "worst_ess_param": "theta_cohort"
    },
    "individual_diagnostics": {
      "max_rhat": 13.173624839480773,
      "worst_rhat_param": "ba_individual",
      "min_ess": 41.739504039048605,
      "worst_ess_param": "ba_individual"
    },
    "pop_posterior": {
      "mu_bb_pop": 0.410596638917923,
      "mu_ba_pop": 0.2257896214723587,
      "mu_theta_pop": 7.23747444152832
    },
    "cohort_bb_spread": 0.03851138800382614,
    "cohort_ba_spread": 0.10892657190561295,
    "cohort_bb_posterior": [
      {
        "cohort": "abu_dhabi",
        "bb_mean": 0.3689602017402649,
        "ba_mean": 0.42841166257858276
      },
      {
        "cohort": "delhi",
        "bb_mean": 0.3169938325881958,
        "ba_mean": 0.18941079080104828
      },
      {
        "cohort": "remote",
        "bb_mean": 0.27479568123817444,
        "ba_mean": 0.41163134574890137
      }
    ],
    "sigma_individual_median": {
      "bb": 17.97336196899414,
      "ba": 19.019535064697266,
      "theta": 0.20064964890480042
    },
    "sigma_individual_p05": {
      "bb": 17.351301193237305,
      "ba": 18.36600742340088,
      "theta": 0.16535955891013146
    },
    "shrinkage_z_bb": {
      "mean_abs": 1.1816351413726807,
      "max_abs": 5.845296859741211
    }
  }
}