{
  "sleep_duration|hrv_daily": {
    "edge": "sleep_duration|hrv_daily",
    "elapsed_sec": 665.9985213279724,
    "n_rows": 7958,
    "n_participants": 90,
    "n_cohorts": 3,
    "divergences": 25,
    "pop_diagnostics": {
      "max_rhat": 1.5771674135638247,
      "worst_rhat_param": "sigma_bb_cohort",
      "min_ess": 61.27721053015418,
      "worst_ess_param": "sigma_bb_cohort"
    },
    "cohort_diagnostics": {
      "max_rhat": 25.689422903344756,
      "worst_rhat_param": "bb_cohort",
      "min_ess": 32.89566562073656,
      "worst_ess_param": "ba_cohort"
    },
    "individual_diagnostics": {
      "max_rhat": 25.714641440839056,
      "worst_rhat_param": "bb_individual",
      "min_ess": 32.89526713856897,
      "worst_ess_param": "ba_individual"
    },
    "pop_posterior": {
      "mu_bb_pop": 0.41273626685142517,
      "mu_ba_pop": 0.2320001870393753,
      "mu_theta_pop": 7.334676265716553
    },
    "cohort_bb_spread": 6.690087795257568,
    "cohort_ba_spread": 7.196493625640869,
    "cohort_bb_posterior": [
      {
        "cohort": "abu_dhabi",
        "bb_mean": 8.394744873046875,
        "ba_mean": 7.426820755004883
      },
      {
        "cohort": "delhi",
        "bb_mean": -7.224692344665527,
        "ba_mean": 15.727638244628906
      },
      {
        "cohort": "remote",
        "bb_mean": -3.7082979679107666,
        "ba_mean": -1.8903307914733887
      }
    ],
    "sigma_individual_median": {
      "bb": 0.017900221049785614,
      "ba": 0.017766017466783524,
      "theta": 0.818902313709259
    },
    "sigma_individual_p05": {
      "bb": 0.0020253582042641938,
      "ba": 0.0018807110609486701,
      "theta": 0.6719768017530441
    },
    "shrinkage_z_bb": {
      "mean_abs": 0.03900855779647827,
      "max_abs": 0.14877668023109436
    }
  },
  "running_volume|ferritin": {
    "edge": "running_volume|ferritin",
    "elapsed_sec": 24.061668872833252,
    "n_rows": 90,
    "n_participants": 90,
    "n_cohorts": 3,
    "divergences": 0,
    "pop_diagnostics": {
      "max_rhat": 1.0004770445510782,
      "worst_rhat_param": "sigma_bb_cohort",
      "min_ess": 3200.0,
      "worst_ess_param": "mu_bb_pop"
    },
    "cohort_diagnostics": {
      "max_rhat": 1.0004900971507642,
      "worst_rhat_param": "bb_cohort",
      "min_ess": 3200.0,
      "worst_ess_param": "bb_cohort"
    },
    "individual_diagnostics": {
      "max_rhat": 1.0012689833320347,
      "worst_rhat_param": "bb_individual",
      "min_ess": 3200.0,
      "worst_ess_param": "bb_individual"
    },
    "pop_posterior": {
      "mu_bb_pop": -0.056811559945344925,
      "mu_ba_pop": -0.42037004232406616,
      "mu_theta_pop": 177.40432739257812
    },
    "cohort_bb_spread": 0.01113608106970787,
    "cohort_ba_spread": 0.0020554843358695507,
    "cohort_bb_posterior": [
      {
        "cohort": "abu_dhabi",
        "bb_mean": -0.03771498054265976,
        "ba_mean": -0.4193040430545807
      },
      {
        "cohort": "delhi",
        "bb_mean": -0.051245857030153275,
        "ba_mean": -0.41618624329566956
      },
      {
        "cohort": "remote",
        "bb_mean": -0.06499241292476654,
        "ba_mean": -0.42116889357566833
      }
    ],
    "sigma_individual_median": {
      "bb": 0.037640392780303955,
      "ba": 0.1980079859495163,
      "theta": 12.631977081298828
    },
    "sigma_individual_p05": {
      "bb": 0.004228991363197565,
      "ba": 0.01795520018786192,
      "theta": 1.1076880753040317
    },
    "shrinkage_z_bb": {
      "mean_abs": 0.02300995960831642,
      "max_abs": 0.06988369673490524
    }
  }
}