{
  "sleep_duration|hrv_daily": {
    "edge": "sleep_duration|hrv_daily",
    "elapsed_sec": 1267.1296122074127,
    "n_rows": 26431,
    "n_participants": 300,
    "n_cohorts": 3,
    "divergences": 12,
    "pop_diagnostics": {
      "max_rhat": 1.849749937426384,
      "worst_rhat_param": "sigma_bb_cohort",
      "min_ess": 37.35750961303711,
      "worst_ess_param": "sigma_bb_cohort"
    },
    "cohort_diagnostics": {
      "max_rhat": 3.6004655536984576,
      "worst_rhat_param": "bb_cohort",
      "min_ess": 24.08900260925293,
      "worst_ess_param": "bb_cohort"
    },
    "individual_diagnostics": {
      "max_rhat": 5.003913111090144,
      "worst_rhat_param": "theta_individual",
      "min_ess": 22.423931121826172,
      "worst_ess_param": "theta_individual"
    },
    "pop_posterior": {
      "mu_bb_pop": 0.5840632915496826,
      "mu_ba_pop": 0.04985261708498001,
      "mu_theta_pop": 7.036009311676025
    },
    "cohort_bb_spread": 1.7474507093429565,
    "cohort_ba_spread": 0.843974232673645,
    "cohort_bb_posterior": [
      {
        "cohort": "abu_dhabi",
        "bb_mean": 16.55584716796875,
        "ba_mean": -14.127836227416992
      },
      {
        "cohort": "delhi",
        "bb_mean": 20.828289031982422,
        "ba_mean": -12.102171897888184
      },
      {
        "cohort": "remote",
        "bb_mean": 18.466663360595703,
        "ba_mean": -13.472536087036133
      }
    ],
    "sigma_individual_median": {
      "bb": 0.020271562039852142,
      "ba": 0.022471368312835693,
      "theta": 0.8154129981994629
    },
    "sigma_individual_p05": {
      "bb": 0.00193559261970222,
      "ba": 0.0019721693824976683,
      "theta": 0.7457109689712524
    },
    "shrinkage_z_bb": {
      "mean_abs": 0.04046836867928505,
      "max_abs": 0.5588937997817993
    }
  },
  "running_volume|ferritin": {
    "edge": "running_volume|ferritin",
    "elapsed_sec": 131.34835815429688,
    "n_rows": 300,
    "n_participants": 300,
    "n_cohorts": 3,
    "divergences": 1,
    "pop_diagnostics": {
      "max_rhat": 0.9998209018066909,
      "worst_rhat_param": "sigma_bb_individual",
      "min_ess": 2000.0,
      "worst_ess_param": "mu_bb_pop"
    },
    "cohort_diagnostics": {
      "max_rhat": 1.0007014794462339,
      "worst_rhat_param": "ba_cohort",
      "min_ess": 2000.0,
      "worst_ess_param": "bb_cohort"
    },
    "individual_diagnostics": {
      "max_rhat": 1.002117180731798,
      "worst_rhat_param": "ba_individual",
      "min_ess": 2000.0,
      "worst_ess_param": "bb_individual"
    },
    "pop_posterior": {
      "mu_bb_pop": -0.0029391644056886435,
      "mu_ba_pop": -0.4269290268421173,
      "mu_theta_pop": 177.07728576660156
    },
    "cohort_bb_spread": 0.004132519476115704,
    "cohort_ba_spread": 0.0041324663907289505,
    "cohort_bb_posterior": [
      {
        "cohort": "abu_dhabi",
        "bb_mean": 0.0013906618114560843,
        "ba_mean": -0.4358406364917755
      },
      {
        "cohort": "delhi",
        "bb_mean": -0.0029812853317707777,
        "ba_mean": -0.42701491713523865
      },
      {
        "cohort": "remote",
        "bb_mean": 0.007111286278814077,
        "ba_mean": -0.4357205331325531
      }
    ],
    "sigma_individual_median": {
      "bb": 0.040279239416122437,
      "ba": 0.19956445693969727,
      "theta": 13.129135131835938
    },
    "sigma_individual_p05": {
      "bb": 0.005118011962622404,
      "ba": 0.020883403718471527,
      "theta": 1.4111460447311401
    },
    "shrinkage_z_bb": {
      "mean_abs": 0.021912330761551857,
      "max_abs": 0.0900978296995163
    }
  }
}