{
  "sleep_duration|hrv_daily": {
    "edge": "sleep_duration|hrv_daily",
    "elapsed_sec": 10380.725783586502,
    "n_rows": 26431,
    "n_participants": 300,
    "n_cohorts": 3,
    "divergences": 18,
    "pop_diagnostics": {
      "max_rhat": 2.579935628694167,
      "worst_rhat_param": "sigma_bb_cohort",
      "min_ess": 50.18941879272461,
      "worst_ess_param": "sigma_bb_cohort"
    },
    "cohort_diagnostics": {
      "max_rhat": 37.8709356059746,
      "worst_rhat_param": "ba_cohort",
      "min_ess": 40.878700256347656,
      "worst_ess_param": "ba_cohort"
    },
    "individual_diagnostics": {
      "max_rhat": 37.9124067547485,
      "worst_rhat_param": "ba_individual",
      "min_ess": 40.87799835205078,
      "worst_ess_param": "ba_individual"
    },
    "pop_posterior": {
      "mu_bb_pop": 0.41136524081230164,
      "mu_ba_pop": 0.22064438462257385,
      "mu_theta_pop": 7.298205852508545
    },
    "cohort_bb_spread": 6.120792865753174,
    "cohort_ba_spread": 9.523530006408691,
    "cohort_bb_posterior": [
      {
        "cohort": "abu_dhabi",
        "bb_mean": 0.5560524463653564,
        "ba_mean": 0.596788763999939
      },
      {
        "cohort": "delhi",
        "bb_mean": -9.016958236694336,
        "ba_mean": 12.598435401916504
      },
      {
        "cohort": "remote",
        "bb_mean": 5.762373447418213,
        "ba_mean": -10.72606086730957
      }
    ],
    "sigma_individual_median": {
      "bb": 0.023841340094804764,
      "ba": 0.019465070217847824,
      "theta": 0.6952462196350098
    },
    "sigma_individual_p05": {
      "bb": 0.0021857344545423985,
      "ba": 0.0018034751992672682,
      "theta": 0.6159432530403137
    },
    "shrinkage_z_bb": {
      "mean_abs": 0.052372243255376816,
      "max_abs": 0.6819548010826111
    }
  }
}