{
  "sleep_duration|hrv_daily": {
    "edge": "sleep_duration|hrv_daily",
    "elapsed_sec": 298.0615117549896,
    "n_rows": 2636,
    "n_participants": 30,
    "n_cohorts": 3,
    "divergences": 0,
    "pop_diagnostics": {
      "max_rhat": 1.0008314967290801,
      "worst_rhat_param": "mu_theta_pop",
      "min_ess": 1565.38134765625,
      "worst_ess_param": "mu_theta_pop"
    },
    "cohort_diagnostics": {
      "max_rhat": 1.0008309011776542,
      "worst_rhat_param": "theta_cohort",
      "min_ess": 1320.2205810546875,
      "worst_ess_param": "theta_cohort"
    },
    "individual_diagnostics": {
      "max_rhat": 1.0016647429508603,
      "worst_rhat_param": "theta_individual",
      "min_ess": 1445.811767578125,
      "worst_ess_param": "theta_individual"
    },
    "pop_posterior": {
      "mu_bb_pop": 0.4186782240867615,
      "mu_ba_pop": 0.19700075685977936,
      "mu_theta_pop": 6.2272162437438965
    },
    "cohort_bb_spread": 0.0002565272734500468,
    "cohort_ba_spread": 0.0015367040177807212,
    "cohort_bb_posterior": [
      {
        "cohort": "abu_dhabi",
        "bb_mean": 0.4192735552787781,
        "ba_mean": 0.19606231153011322
      },
      {
        "cohort": "delhi",
        "bb_mean": 0.4187379777431488,
        "ba_mean": 0.19499675929546356
      },
      {
        "cohort": "remote",
        "bb_mean": 0.41872116923332214,
        "ba_mean": 0.19240303337574005
      }
    ],
    "sigma_individual_median": {
      "bb": 0.017179185524582863,
      "ba": 0.019329112023115158,
      "theta": 1.3138442039489746
    },
    "sigma_individual_p05": {
      "bb": 0.0017909803427755833,
      "ba": 0.0020677377469837666,
      "theta": 0.14836832880973816
    },
    "shrinkage_z_bb": {
      "mean_abs": 0.02820182777941227,
      "max_abs": 0.08133227378129959
    }
  },
  "running_volume|ferritin": {
    "edge": "running_volume|ferritin",
    "elapsed_sec": 80.16873335838318,
    "n_rows": 30,
    "n_participants": 30,
    "n_cohorts": 3,
    "divergences": 0,
    "pop_diagnostics": {
      "max_rhat": 1.0011648308085317,
      "worst_rhat_param": "sigma_theta_individual",
      "min_ess": 2000.0,
      "worst_ess_param": "mu_bb_pop"
    },
    "cohort_diagnostics": {
      "max_rhat": 1.0006216620271038,
      "worst_rhat_param": "ba_cohort",
      "min_ess": 2000.0,
      "worst_ess_param": "bb_cohort"
    },
    "individual_diagnostics": {
      "max_rhat": 1.0011910855299142,
      "worst_rhat_param": "ba_individual",
      "min_ess": 2000.0,
      "worst_ess_param": "bb_individual"
    },
    "pop_posterior": {
      "mu_bb_pop": -0.0571921281516552,
      "mu_ba_pop": -0.42711031436920166,
      "mu_theta_pop": 177.42857360839844
    },
    "cohort_bb_spread": 0.00021718577772844583,
    "cohort_ba_spread": 0.00870582927018404,
    "cohort_bb_posterior": [
      {
        "cohort": "abu_dhabi",
        "bb_mean": -0.057215284556150436,
        "ba_mean": -0.4204157888889313
      },
      {
        "cohort": "delhi",
        "bb_mean": -0.05674288794398308,
        "ba_mean": -0.4247700273990631
      },
      {
        "cohort": "remote",
        "bb_mean": -0.05676720291376114,
        "ba_mean": -0.4406716823577881
      }
    ],
    "sigma_individual_median": {
      "bb": 0.03930538147687912,
      "ba": 0.2046535760164261,
      "theta": 12.817075729370117
    },
    "sigma_individual_p05": {
      "bb": 0.0038507659919559956,
      "ba": 0.018837392330169678,
      "theta": 1.1972063779830933
    },
    "shrinkage_z_bb": {
      "mean_abs": 0.021566294133663177,
      "max_abs": 0.06217539682984352
    }
  }
}