{
  "sleep_duration|hrv_daily": {
    "edge": "sleep_duration|hrv_daily",
    "elapsed_sec": 809.2803220748901,
    "n_rows": 7958,
    "n_participants": 90,
    "n_cohorts": 3,
    "divergences": 12,
    "pop_diagnostics": {
      "max_rhat": 2.7142790226538787,
      "worst_rhat_param": "sigma_bb_cohort",
      "min_ess": 39.84328795465111,
      "worst_ess_param": "sigma_bb_cohort"
    },
    "cohort_diagnostics": {
      "max_rhat": 28.336379379234383,
      "worst_rhat_param": "bb_cohort",
      "min_ess": 32.94291732015174,
      "worst_ess_param": "ba_cohort"
    },
    "individual_diagnostics": {
      "max_rhat": 28.34832811692206,
      "worst_rhat_param": "bb_individual",
      "min_ess": 32.942597455465496,
      "worst_ess_param": "ba_individual"
    },
    "pop_posterior": {
      "mu_bb_pop": 0.41373410820961,
      "mu_ba_pop": 0.22303086519241333,
      "mu_theta_pop": 7.129148960113525
    },
    "cohort_bb_spread": 8.371159553527832,
    "cohort_ba_spread": 9.936010360717773,
    "cohort_bb_posterior": [
      {
        "cohort": "abu_dhabi",
        "bb_mean": -1.6685645580291748,
        "ba_mean": 14.163127899169922
      },
      {
        "cohort": "delhi",
        "bb_mean": 14.346532821655273,
        "ba_mean": -9.610967636108398
      },
      {
        "cohort": "remote",
        "bb_mean": -4.75068998336792,
        "ba_mean": -2.235416889190674
      }
    ],
    "sigma_individual_median": {
      "bb": 0.018352575600147247,
      "ba": 0.017381034791469574,
      "theta": 0.7652533054351807
    },
    "sigma_individual_p05": {
      "bb": 0.0015245232440065592,
      "ba": 0.0016544830403290689,
      "theta": 0.6212834835052491
    },
    "shrinkage_z_bb": {
      "mean_abs": 0.0342896394431591,
      "max_abs": 0.15038397908210754
    }
  },
  "running_volume|ferritin": {
    "edge": "running_volume|ferritin",
    "elapsed_sec": 29.51521873474121,
    "n_rows": 90,
    "n_participants": 90,
    "n_cohorts": 3,
    "divergences": 0,
    "pop_diagnostics": {
      "max_rhat": 1.000866232719924,
      "worst_rhat_param": "sigma_ba_cohort",
      "min_ess": 3200.0,
      "worst_ess_param": "mu_bb_pop"
    },
    "cohort_diagnostics": {
      "max_rhat": 1.0007268502584594,
      "worst_rhat_param": "bb_cohort",
      "min_ess": 3200.0,
      "worst_ess_param": "bb_cohort"
    },
    "individual_diagnostics": {
      "max_rhat": 1.0011243549974231,
      "worst_rhat_param": "ba_individual",
      "min_ess": 3200.0,
      "worst_ess_param": "bb_individual"
    },
    "pop_posterior": {
      "mu_bb_pop": -0.05468682199716568,
      "mu_ba_pop": -0.4335228502750397,
      "mu_theta_pop": 177.1404266357422
    },
    "cohort_bb_spread": 0.10299087315797806,
    "cohort_ba_spread": 0.0030124441254884005,
    "cohort_bb_posterior": [
      {
        "cohort": "abu_dhabi",
        "bb_mean": 0.09090380370616913,
        "ba_mean": -0.4368163049221039
      },
      {
        "cohort": "delhi",
        "bb_mean": 0.0072937929071486,
        "ba_mean": -0.44301098585128784
      },
      {
        "cohort": "remote",
        "bb_mean": -0.15702994167804718,
        "ba_mean": -0.4433858394622803
      }
    ],
    "sigma_individual_median": {
      "bb": 0.03922168165445328,
      "ba": 0.20159569382667542,
      "theta": 12.528894424438477
    },
    "sigma_individual_p05": {
      "bb": 0.004020299413241446,
      "ba": 0.019282861985266207,
      "theta": 1.0121730178594595
    },
    "shrinkage_z_bb": {
      "mean_abs": 0.020772643387317657,
      "max_abs": 0.08035549521446228
    }
  }
}