{
  "sleep_duration|hrv_daily": {
    "edge": "sleep_duration|hrv_daily",
    "elapsed_sec": 3454.660668849945,
    "n_rows": 26431,
    "n_participants": 300,
    "n_cohorts": 3,
    "divergences": 17,
    "pop_diagnostics": {
      "max_rhat": 1.587335581037032,
      "worst_rhat_param": "sigma_theta_individual",
      "min_ess": 31.1462459564209,
      "worst_ess_param": "sigma_theta_individual"
    },
    "cohort_diagnostics": {
      "max_rhat": 51.08839803773945,
      "worst_rhat_param": "bb_cohort",
      "min_ess": 20.740324020385742,
      "worst_ess_param": "ba_cohort"
    },
    "individual_diagnostics": {
      "max_rhat": 51.22281577059924,
      "worst_rhat_param": "bb_individual",
      "min_ess": 20.739648818969727,
      "worst_ess_param": "ba_individual"
    },
    "pop_posterior": {
      "mu_bb_pop": 0.409767746925354,
      "mu_ba_pop": 0.22623325884342194,
      "mu_theta_pop": 7.110131740570068
    },
    "cohort_bb_spread": 17.213144302368164,
    "cohort_ba_spread": 16.643783569335938,
    "cohort_bb_posterior": [
      {
        "cohort": "abu_dhabi",
        "bb_mean": 19.1573543548584,
        "ba_mean": -17.80396270751953
      },
      {
        "cohort": "delhi",
        "bb_mean": 6.567317485809326,
        "ba_mean": 5.280470848083496
      },
      {
        "cohort": "remote",
        "bb_mean": -21.986392974853516,
        "ba_mean": 22.839824676513672
      }
    ],
    "sigma_individual_median": {
      "bb": 0.02046147733926773,
      "ba": 0.022388137876987457,
      "theta": 0.6470884084701538
    },
    "sigma_individual_p05": {
      "bb": 0.0024972325190901756,
      "ba": 0.0025275624357163906,
      "theta": 0.5827155709266663
    },
    "shrinkage_z_bb": {
      "mean_abs": 0.06419249624013901,
      "max_abs": 0.3495621085166931
    }
  },
  "running_volume|ferritin": {
    "edge": "running_volume|ferritin",
    "elapsed_sec": 1479.682293176651,
    "n_rows": 300,
    "n_participants": 300,
    "n_cohorts": 3,
    "divergences": 0,
    "pop_diagnostics": {
      "max_rhat": 1.0013240750613281,
      "worst_rhat_param": "sigma_bb_individual",
      "min_ess": 937.5903930664062,
      "worst_ess_param": "sigma_bb_cohort"
    },
    "cohort_diagnostics": {
      "max_rhat": 1.001977455483252,
      "worst_rhat_param": "bb_cohort",
      "min_ess": 1185.5107421875,
      "worst_ess_param": "bb_cohort"
    },
    "individual_diagnostics": {
      "max_rhat": 1.002161134540162,
      "worst_rhat_param": "bb_individual",
      "min_ess": 1116.9775390625,
      "worst_ess_param": "bb_individual"
    },
    "pop_posterior": {
      "mu_bb_pop": -0.01975419372320175,
      "mu_ba_pop": -0.40900135040283203,
      "mu_theta_pop": 178.2431640625
    },
    "cohort_bb_spread": 0.5616872906684875,
    "cohort_ba_spread": 0.02714928612112999,
    "cohort_bb_posterior": [
      {
        "cohort": "abu_dhabi",
        "bb_mean": 0.5623165369033813,
        "ba_mean": -0.40952882170677185
      },
      {
        "cohort": "delhi",
        "bb_mean": 0.03435634821653366,
        "ba_mean": -0.4056946635246277
      },
      {
        "cohort": "remote",
        "bb_mean": 1.3986364603042603,
        "ba_mean": -0.35011520981788635
      }
    ],
    "sigma_individual_median": {
      "bb": 0.038098886609077454,
      "ba": 0.18646873533725739,
      "theta": 12.344236373901367
    },
    "sigma_individual_p05": {
      "bb": 0.003328687744215131,
      "ba": 0.012232583947479725,
      "theta": 1.179902195930481
    },
    "shrinkage_z_bb": {
      "mean_abs": 0.025159673765301704,
      "max_abs": 0.09322278201580048
    }
  }
}