{
  "sleep_duration|hrv_daily": {
    "edge": "sleep_duration|hrv_daily",
    "elapsed_sec": 43.2159960269928,
    "n_rows": 1319,
    "n_participants": 15,
    "n_cohorts": 3,
    "divergences": 0,
    "pop_diagnostics": {
      "max_rhat": 1.0062418193915466,
      "worst_rhat_param": "sigma_theta_cohort",
      "min_ess": 196.92852810331033,
      "worst_ess_param": "sigma_theta_cohort"
    },
    "cohort_diagnostics": {
      "max_rhat": 1.0017452643971805,
      "worst_rhat_param": "ba_cohort",
      "min_ess": 217.4042680982425,
      "worst_ess_param": "theta_cohort"
    },
    "individual_diagnostics": {
      "max_rhat": 1.0252402554510385,
      "worst_rhat_param": "theta_individual",
      "min_ess": 133.5452360354992,
      "worst_ess_param": "theta_individual"
    },
    "pop_posterior": {
      "mu_bb_pop": 0.40573084354400635,
      "mu_ba_pop": 0.22316892445087433,
      "mu_theta_pop": 7.601094722747803
    },
    "cohort_bb_spread": 6.28759765625,
    "cohort_ba_spread": 26.131254196166992,
    "cohort_bb_posterior": [
      {
        "cohort": "abu_dhabi",
        "bb_mean": -4.767500877380371,
        "ba_mean": -18.366079330444336
      },
      {
        "cohort": "delhi",
        "bb_mean": -20.056541442871094,
        "ba_mean": 39.240779876708984
      },
      {
        "cohort": "remote",
        "bb_mean": -10.803786277770996,
        "ba_mean": 34.60091781616211
      }
    ],
    "sigma_individual_median": {
      "bb": 0.015618391335010529,
      "ba": 0.01692313142120838,
      "theta": 1.386711835861206
    },
    "sigma_individual_p05": {
      "bb": 0.0014963027264457197,
      "ba": 0.0011090619664173573,
      "theta": 0.9191976338624954
    },
    "shrinkage_z_bb": {
      "mean_abs": 0.08400972932577133,
      "max_abs": 0.17726002633571625
    }
  },
  "running_volume|ferritin": {
    "edge": "running_volume|ferritin",
    "elapsed_sec": 9.393174409866333,
    "n_rows": 15,
    "n_participants": 15,
    "n_cohorts": 3,
    "divergences": 1,
    "pop_diagnostics": {
      "max_rhat": 1.0054809179350734,
      "worst_rhat_param": "sigma_bb_individual",
      "min_ess": 600.0,
      "worst_ess_param": "mu_bb_pop"
    },
    "cohort_diagnostics": {
      "max_rhat": 1.0059782304033744,
      "worst_rhat_param": "theta_cohort",
      "min_ess": 600.0,
      "worst_ess_param": "bb_cohort"
    },
    "individual_diagnostics": {
      "max_rhat": 1.0077224826923925,
      "worst_rhat_param": "ba_individual",
      "min_ess": 600.0,
      "worst_ess_param": "bb_individual"
    },
    "pop_posterior": {
      "mu_bb_pop": -0.06041637435555458,
      "mu_ba_pop": -0.4365447461605072,
      "mu_theta_pop": 178.6030731201172
    },
    "cohort_bb_spread": 0.0431465320289135,
    "cohort_ba_spread": 0.010052964091300964,
    "cohort_bb_posterior": [
      {
        "cohort": "abu_dhabi",
        "bb_mean": -0.06521952897310257,
        "ba_mean": -0.4603051245212555
      },
      {
        "cohort": "delhi",
        "bb_mean": -0.07786478102207184,
        "ba_mean": -0.4503537118434906
      },
      {
        "cohort": "remote",
        "bb_mean": 0.019327959045767784,
        "ba_mean": -0.43582284450531006
      }
    ],
    "sigma_individual_median": {
      "bb": 0.0391584150493145,
      "ba": 0.1820175051689148,
      "theta": 12.205965042114258
    },
    "sigma_individual_p05": {
      "bb": 0.003070723928976804,
      "ba": 0.01622678670100868,
      "theta": 0.9465170264244084
    },
    "shrinkage_z_bb": {
      "mean_abs": 0.05224516615271568,
      "max_abs": 0.17624904215335846
    }
  }
}