{
  "running_volume|ferritin": {
    "source": "running_volume",
    "target": "ferritin",
    "n_participants": 1188,
    "prior_before": {
      "bb_mean": -0.083,
      "bb_sd": 0.11737972567696689,
      "ba_mean": -0.447,
      "ba_sd": 0.6321534623807734,
      "theta_mean": 176.24,
      "theta_sd": 36.120000000000005
    },
    "posterior_after": {
      "bb_mean": -0.05817454680800438,
      "bb_sd": 0.11262576282024384,
      "ba_mean": -0.43253275752067566,
      "ba_sd": 0.5890729427337646,
      "theta_mean": 177.41744995117188,
      "theta_sd": 37.88615417480469
    },
    "latents": {
      "sweat_iron_loss": {
        "lambda_action_mean": 0.5344823002815247,
        "lambda_action_sd": 1.1477173566818237,
        "lambda_outcome_mean": 0.0746459811925888,
        "lambda_outcome_sd": 1.02628755569458,
        "sigma_mean": 0.6654832363128662
      },
      "gi_iron_loss": {
        "lambda_action_mean": 0.6368857622146606,
        "lambda_action_sd": 0.09904421120882034,
        "lambda_outcome_mean": 1.5719585418701172,
        "lambda_outcome_sd": 0.491979718208313,
        "sigma_mean": 2.804910182952881
      }
    },
    "divergences": 0,
    "mcmc_seconds": 5.810749530792236
  },
  "running_volume|iron_total": {
    "source": "running_volume",
    "target": "iron_total",
    "n_participants": 1188,
    "prior_before": {
      "bb_mean": -0.05,
      "bb_sd": 0.07071067811865475,
      "ba_mean": -0.203,
      "ba_sd": 0.2870853531617383,
      "theta_mean": 153.21,
      "theta_sd": 41.68000000000001
    },
    "posterior_after": {
      "bb_mean": -0.03440669924020767,
      "bb_sd": 0.06584794819355011,
      "ba_mean": -0.20166809856891632,
      "ba_sd": 0.28225278854370117,
      "theta_mean": 152.4202423095703,
      "theta_sd": 42.759986877441406
    },
    "latents": {
      "sweat_iron_loss": {
        "lambda_action_mean": -0.37950488924980164,
        "lambda_action_sd": 1.1376663446426392,
        "lambda_outcome_mean": 0.11888911575078964,
        "lambda_outcome_sd": 1.3342591524124146,
        "sigma_mean": 1.1153607368469238
      },
      "gi_iron_loss": {
        "lambda_action_mean": 0.6274528503417969,
        "lambda_action_sd": 0.7185430526733398,
        "lambda_outcome_mean": 0.8240625858306885,
        "lambda_outcome_sd": 1.0733566284179688,
        "sigma_mean": 1.6884459257125854
      }
    },
    "divergences": 2,
    "mcmc_seconds": 5.536866903305054
  },
  "running_volume|hemoglobin": {
    "source": "running_volume",
    "target": "hemoglobin",
    "n_participants": 1188,
    "prior_before": {
      "bb_mean": -0.003,
      "bb_sd": 0.05,
      "ba_mean": -0.035,
      "ba_sd": 0.05,
      "theta_mean": 182.03,
      "theta_sd": 65.05000000000001
    },
    "posterior_after": {
      "bb_mean": 0.013023066334426403,
      "bb_sd": 0.032594017684459686,
      "ba_mean": -0.03229909390211105,
      "ba_sd": 0.046558961272239685,
      "theta_mean": 184.76722717285156,
      "theta_sd": 60.2337760925293
    },
    "latents": {
      "gi_iron_loss": {
        "lambda_action_mean": -0.08922763913869858,
        "lambda_action_sd": 0.8723028302192688,
        "lambda_outcome_mean": -0.4900188148021698,
        "lambda_outcome_sd": 1.1314706802368164,
        "sigma_mean": 0.4973308742046356
      }
    },
    "divergences": 0,
    "mcmc_seconds": 2.736165761947632
  },
  "zone2_volume|triglycerides": {
    "source": "zone2_volume",
    "target": "triglycerides",
    "n_participants": 1188,
    "prior_before": {
      "bb_mean": -0.013,
      "bb_sd": 0.05,
      "ba_mean": -0.25,
      "ba_sd": 0.25,
      "theta_mean": 121.88,
      "theta_sd": 511.14
    },
    "posterior_after": {
      "bb_mean": -0.005283316131681204,
      "bb_sd": 0.0463256910443306,
      "ba_mean": -0.1382494866847992,
      "ba_sd": 0.27820122241973877,
      "theta_mean": 142.04942321777344,
      "theta_sd": 491.5240478515625
    },
    "latents": {
      "lipoprotein_lipase": {
        "lambda_action_mean": 2.997096300125122,
        "lambda_action_sd": 0.5473358035087585,
        "lambda_outcome_mean": 1.6403948068618774,
        "lambda_outcome_sd": 0.6011828184127808,
        "sigma_mean": 2.9172987937927246
      },
      "insulin_sensitivity": {
        "lambda_action_mean": 0.2896462678909302,
        "lambda_action_sd": 0.7075531482696533,
        "lambda_outcome_mean": -0.02570289373397827,
        "lambda_outcome_sd": 0.9636059999465942,
        "sigma_mean": 1.0842965841293335
      }
    },
    "divergences": 4,
    "mcmc_seconds": 6.046015739440918
  },
  "zone2_volume|hdl": {
    "source": "zone2_volume",
    "target": "hdl",
    "n_participants": 1188,
    "prior_before": {
      "bb_mean": 0.04,
      "bb_sd": 0.05,
      "ba_mean": 0.05,
      "ba_sd": 0.05,
      "theta_mean": 121.88,
      "theta_sd": 470.4
    },
    "posterior_after": {
      "bb_mean": 0.031675178557634354,
      "bb_sd": 0.051339536905288696,
      "ba_mean": 0.05487827584147453,
      "ba_sd": 0.047581471502780914,
      "theta_mean": 230.9388885498047,
      "theta_sd": 446.393798828125
    },
    "latents": {
      "lipoprotein_lipase": {
        "lambda_action_mean": -3.534088134765625,
        "lambda_action_sd": 0.16710668802261353,
        "lambda_outcome_mean": 1.0344845056533813,
        "lambda_outcome_sd": 0.24340833723545074,
        "sigma_mean": 2.4128546714782715
      }
    },
    "divergences": 3,
    "mcmc_seconds": 2.809046983718872
  },
  "zone2_volume|ldl": {
    "source": "zone2_volume",
    "target": "ldl",
    "n_participants": 1188,
    "prior_before": {
      "bb_mean": -0.01,
      "bb_sd": 0.05,
      "ba_mean": -0.075,
      "ba_sd": 0.075,
      "theta_mean": 121.88,
      "theta_sd": 492.76
    },
    "posterior_after": {
      "bb_mean": -0.008510605432093143,
      "bb_sd": 0.047585416585206985,
      "ba_mean": -0.07235392183065414,
      "ba_sd": 0.07039153575897217,
      "theta_mean": 195.99607849121094,
      "theta_sd": 447.7224426269531
    },
    "latents": {
      "lipoprotein_lipase": {
        "lambda_action_mean": 3.2579283714294434,
        "lambda_action_sd": 0.11616181582212448,
        "lambda_outcome_mean": -0.15119406580924988,
        "lambda_outcome_sd": 0.3518425226211548,
        "sigma_mean": 2.6372976303100586
      }
    },
    "divergences": 0,
    "mcmc_seconds": 2.752070426940918
  },
  "training_volume|glucose": {
    "source": "training_volume",
    "target": "glucose",
    "n_participants": 1188,
    "prior_before": {
      "bb_mean": -0.004,
      "bb_sd": 0.05,
      "ba_mean": -0.001,
      "ba_sd": 0.05,
      "theta_mean": 1353.57,
      "theta_sd": 2558.7999999999997
    },
    "posterior_after": {
      "bb_mean": -0.0035343673080205917,
      "bb_sd": 0.051468394696712494,
      "ba_mean": 0.003884123172610998,
      "ba_sd": 0.04838668927550316,
      "theta_mean": 726.2415161132812,
      "theta_sd": 2329.525146484375
    },
    "latents": {
      "insulin_sensitivity": {
        "lambda_action_mean": 4.680384159088135,
        "lambda_action_sd": 0.15969973802566528,
        "lambda_outcome_mean": 0.026402341201901436,
        "lambda_outcome_sd": 0.2547113001346588,
        "sigma_mean": 3.983780860900879
      }
    },
    "divergences": 0,
    "mcmc_seconds": 3.480053424835205
  }
}