{
  "__all__:running_volume:hrv_daily": {
    "cohort": "__all__",
    "action": "running_volume",
    "outcome": "hrv_daily",
    "mean": 0.14166006734006745,
    "variance": 0.3015416203888705,
    "raw_std": 0.38829217117324843,
    "inflated_std": 0.5491280546365033,
    "n": 1188,
    "p10": 0.05999999999999517,
    "p50": 0.060000000000002274,
    "p90": 0.060000000000002274,
    "nominal_step": 30.0,
    "floor_mode": "mean_scaled",
    "floor_applied": false,
    "mean_scaled_std": 0.056664026936026984
  },
  "cohort_b:running_volume:hrv_daily": {
    "cohort": "cohort_b",
    "action": "running_volume",
    "outcome": "hrv_daily",
    "mean": 0.11986480769230796,
    "variance": 0.2186938498312511,
    "raw_std": 0.3306764656210441,
    "inflated_std": 0.46764714243888106,
    "n": 416,
    "p10": 0.05999999999999517,
    "p50": 0.060000000000002274,
    "p90": 0.060000000000002274,
    "nominal_step": 30.0,
    "floor_mode": "mean_scaled",
    "floor_applied": false,
    "mean_scaled_std": 0.04794592307692319
  },
  "cohort_a:running_volume:hrv_daily": {
    "cohort": "cohort_a",
    "action": "running_volume",
    "outcome": "hrv_daily",
    "mean": 0.13417902621722846,
    "variance": 0.24427088794406634,
    "raw_std": 0.34947881762995764,
    "inflated_std": 0.4942376836543996,
    "n": 534,
    "p10": 0.05999999999999517,
    "p50": 0.060000000000002274,
    "p90": 0.060000000000002274,
    "nominal_step": 30.0,
    "floor_mode": "mean_scaled",
    "floor_applied": false,
    "mean_scaled_std": 0.05367161048689139
  },
  "cohort_c:running_volume:hrv_daily": {
    "cohort": "cohort_c",
    "action": "running_volume",
    "outcome": "hrv_daily",
    "mean": 0.19654117647058833,
    "variance": 0.5699868837170512,
    "raw_std": 0.5338477703039749,
    "inflated_std": 0.7549747570065182,
    "n": 238,
    "p10": 0.05999999999999517,
    "p50": 0.060000000000002274,
    "p90": 0.060000000000002274,
    "nominal_step": 30.0,
    "floor_mode": "mean_scaled",
    "floor_applied": false,
    "mean_scaled_std": 0.07861647058823534
  },
  "__all__:training_load:resting_hr": {
    "cohort": "__all__",
    "action": "training_load",
    "outcome": "resting_hr",
    "mean": 1.305251261157877,
    "variance": 0.2725889367606766,
    "raw_std": 0.23734199517113738,
    "inflated_std": 0.5221005044631508,
    "n": 1188,
    "p10": 0.9235354283833019,
    "p50": 1.4385657139926709,
    "p90": 1.4999999996944446,
    "nominal_step": 100.0,
    "floor_mode": "mean_scaled",
    "floor_applied": true,
    "mean_scaled_std": 0.5221005044631508
  },
  "cohort_b:training_load:resting_hr": {
    "cohort": "cohort_b",
    "action": "training_load",
    "outcome": "resting_hr",
    "mean": 1.3016362050919952,
    "variance": 0.2710810896650065,
    "raw_std": 0.238709844199507,
    "inflated_std": 0.5206544820367981,
    "n": 416,
    "p10": 0.9245271426688147,
    "p50": 1.4336071425651142,
    "p90": 1.4999999996944446,
    "nominal_step": 100.0,
    "floor_mode": "mean_scaled",
    "floor_applied": true,
    "mean_scaled_std": 0.5206544820367981
  },
  "cohort_a:training_load:resting_hr": {
    "cohort": "cohort_a",
    "action": "training_load",
    "outcome": "resting_hr",
    "mean": 1.306352479669686,
    "variance": 0.273049088182262,
    "raw_std": 0.23579823725412655,
    "inflated_std": 0.5225409918678744,
    "n": 534,
    "p10": 0.9241965712403062,
    "p50": 1.4286485711375465,
    "p90": 1.4999999996944446,
    "nominal_step": 100.0,
    "floor_mode": "mean_scaled",
    "floor_applied": true,
    "mean_scaled_std": 0.5225409918678744
  },
  "cohort_c:training_load:resting_hr": {
    "cohort": "cohort_c",
    "action": "training_load",
    "outcome": "resting_hr",
    "mean": 1.3090992134188058,
    "variance": 0.2741985200917978,
    "raw_std": 0.2393083424873592,
    "inflated_std": 0.5236396853675224,
    "n": 238,
    "p10": 0.915932285527706,
    "p50": 1.4699699997005653,
    "p90": 1.4999999996944446,
    "nominal_step": 100.0,
    "floor_mode": "mean_scaled",
    "floor_applied": true,
    "mean_scaled_std": 0.5236396853675224
  },
  "__all__:training_load:hrv_daily": {
    "cohort": "__all__",
    "action": "training_load",
    "outcome": "hrv_daily",
    "mean": -5.056217651515151,
    "variance": 4.090453910318943,
    "raw_std": 1.1501958229867342,
    "inflated_std": 2.0224870606060605,
    "n": 1188,
    "p10": -6.0,
    "p50": -5.702280000000002,
    "p90": -3.206363999999998,
    "nominal_step": 100.0,
    "floor_mode": "mean_scaled",
    "floor_applied": true,
    "mean_scaled_std": 2.0224870606060605
  },
  "cohort_b:training_load:hrv_daily": {
    "cohort": "cohort_b",
    "action": "training_load",
    "outcome": "hrv_daily",
    "mean": -5.038698533653847,
    "variance": 4.062157266087269,
    "raw_std": 1.156824629817876,
    "inflated_std": 2.015479413461539,
    "n": 416,
    "p10": -6.0,
    "p50": -5.67825,
    "p90": -3.2111700000000045,
    "nominal_step": 100.0,
    "floor_mode": "mean_scaled",
    "floor_applied": true,
    "mean_scaled_std": 2.015479413461539
  },
  "cohort_a:training_load:hrv_daily": {
    "cohort": "cohort_a",
    "action": "training_load",
    "outcome": "hrv_daily",
    "mean": -5.061554325842696,
    "variance": 4.099093150953106,
    "raw_std": 1.1427145346181578,
    "inflated_std": 2.0246217303370786,
    "n": 534,
    "p10": -6.0,
    "p50": -5.654219999999995,
    "p90": -3.209568000000003,
    "nominal_step": 100.0,
    "floor_mode": "mean_scaled",
    "floor_applied": true,
    "mean_scaled_std": 2.0246217303370786
  },
  "cohort_c:training_load:hrv_daily": {
    "cohort": "cohort_c",
    "action": "training_load",
    "outcome": "hrv_daily",
    "mean": -5.074865420168067,
    "variance": 4.120681445250819,
    "raw_std": 1.1597250445980571,
    "inflated_std": 2.029946168067227,
    "n": 238,
    "p10": -6.0,
    "p50": -5.854470000000003,
    "p90": -3.169518000000002,
    "nominal_step": 100.0,
    "floor_mode": "mean_scaled",
    "floor_applied": true,
    "mean_scaled_std": 2.029946168067227
  },
  "__all__:sleep_duration:hrv_daily": {
    "cohort": "__all__",
    "action": "sleep_duration",
    "outcome": "hrv_daily",
    "mean": 0.13540993265993234,
    "variance": 0.0029337359780747863,
    "raw_std": 0.03358877788758773,
    "inflated_std": 0.05416397306397294,
    "n": 1188,
    "p10": 0.11149999999999949,
    "p50": 0.1115000000000066,
    "p90": 0.2054142857142857,
    "nominal_step": 0.5,
    "floor_mode": "mean_scaled",
    "floor_applied": true,
    "mean_scaled_std": 0.05416397306397294
  },
  "cohort_b:sleep_duration:hrv_daily": {
    "cohort": "cohort_b",
    "action": "sleep_duration",
    "outcome": "hrv_daily",
    "mean": 0.13603296703296702,
    "variance": 0.002960794899166767,
    "raw_std": 0.03412589446497126,
    "inflated_std": 0.05441318681318681,
    "n": 416,
    "p10": 0.11149999999999949,
    "p50": 0.1115000000000066,
    "p90": 0.2064999999999948,
    "nominal_step": 0.5,
    "floor_mode": "mean_scaled",
    "floor_applied": true,
    "mean_scaled_std": 0.05441318681318681
  },
  "cohort_a:sleep_duration:hrv_daily": {
    "cohort": "cohort_a",
    "action": "sleep_duration",
    "outcome": "hrv_daily",
    "mean": 0.13457651150347733,
    "variance": 0.002897733991751291,
    "raw_std": 0.03311432289081699,
    "inflated_std": 0.053830604601390934,
    "n": 534,
    "p10": 0.11149999999999949,
    "p50": 0.1115000000000066,
    "p90": 0.19917142857142944,
    "nominal_step": 0.5,
    "floor_mode": "mean_scaled",
    "floor_applied": true,
    "mean_scaled_std": 0.053830604601390934
  },
  "cohort_c:sleep_duration:hrv_daily": {
    "cohort": "cohort_c",
    "action": "sleep_duration",
    "outcome": "hrv_daily",
    "mean": 0.13619087635053972,
    "variance": 0.0029676727681804804,
    "raw_std": 0.033798736967800926,
    "inflated_std": 0.05447635054021589,
    "n": 238,
    "p10": 0.11149999999999949,
    "p50": 0.1115000000000066,