{
  "__all__:running_volume:hrv_daily": {
    "cohort": "__all__",
    "action": "running_volume",
    "outcome": "hrv_daily",
    "mean": 0.14166006734006745,
    "variance": 0.3015416203888705,
    "raw_std": 0.38829217117324843,
    "inflated_std": 0.5491280546365033,
    "n": 1188,
    "p10": 0.05999999999999517,
    "p50": 0.060000000000002274,
    "p90": 0.060000000000002274,
    "nominal_step": 30.0
  },
  "cohort_b:running_volume:hrv_daily": {
    "cohort": "cohort_b",
    "action": "running_volume",
    "outcome": "hrv_daily",
    "mean": 0.11986480769230796,
    "variance": 0.2186938498312511,
    "raw_std": 0.3306764656210441,
    "inflated_std": 0.46764714243888106,
    "n": 416,
    "p10": 0.05999999999999517,
    "p50": 0.060000000000002274,
    "p90": 0.060000000000002274,
    "nominal_step": 30.0
  },
  "cohort_a:running_volume:hrv_daily": {
    "cohort": "cohort_a",
    "action": "running_volume",
    "outcome": "hrv_daily",
    "mean": 0.13417902621722846,
    "variance": 0.24427088794406634,
    "raw_std": 0.34947881762995764,
    "inflated_std": 0.4942376836543996,
    "n": 534,
    "p10": 0.05999999999999517,
    "p50": 0.060000000000002274,
    "p90": 0.060000000000002274,
    "nominal_step": 30.0
  },
  "cohort_c:running_volume:hrv_daily": {
    "cohort": "cohort_c",
    "action": "running_volume",
    "outcome": "hrv_daily",
    "mean": 0.19654117647058833,
    "variance": 0.5699868837170512,
    "raw_std": 0.5338477703039749,
    "inflated_std": 0.7549747570065182,
    "n": 238,
    "p10": 0.05999999999999517,
    "p50": 0.060000000000002274,
    "p90": 0.060000000000002274,
    "nominal_step": 30.0
  },
  "__all__:training_load:hrv_daily": {
    "cohort": "__all__",
    "action": "training_load",
    "outcome": "hrv_daily",
    "mean": -5.056217651515151,
    "variance": 2.6459008624322613,
    "raw_std": 1.1501958229867342,
    "inflated_std": 1.6266225322527232,
    "n": 1188,
    "p10": -6.0,
    "p50": -5.702280000000002,
    "p90": -3.206363999999998,
    "nominal_step": 100.0
  },
  "cohort_b:training_load:hrv_daily": {
    "cohort": "cohort_b",
    "action": "training_load",
    "outcome": "hrv_daily",
    "mean": -5.038698533653847,
    "variance": 2.6764864483065316,
    "raw_std": 1.156824629817876,
    "inflated_std": 1.6359970807756754,
    "n": 416,
    "p10": -6.0,
    "p50": -5.67825,
    "p90": -3.2111700000000045,
    "nominal_step": 100.0
  },
  "cohort_a:training_load:hrv_daily": {
    "cohort": "cohort_a",
    "action": "training_load",
    "outcome": "hrv_daily",
    "mean": -5.061554325842696,
    "variance": 2.611593015255186,
    "raw_std": 1.1427145346181578,
    "inflated_std": 1.6160423927778584,
    "n": 534,
    "p10": -6.0,
    "p50": -5.654219999999995,
    "p90": -3.209568000000003,
    "nominal_step": 100.0
  },
  "cohort_c:training_load:hrv_daily": {
    "cohort": "cohort_c",
    "action": "training_load",
    "outcome": "hrv_daily",
    "mean": -5.074865420168067,
    "variance": 2.6899243581359316,
    "raw_std": 1.1597250445980571,
    "inflated_std": 1.640098886694315,
    "n": 238,
    "p10": -6.0,
    "p50": -5.854470000000003,
    "p90": -3.169518000000002,
    "nominal_step": 100.0
  },
  "__all__:training_load:resting_hr": {
    "cohort": "__all__",
    "action": "training_load",
    "outcome": "resting_hr",
    "mean": 1.305251261157877,
    "variance": 0.1126624453436324,
    "raw_std": 0.23734199517113738,
    "inflated_std": 0.33565226849171215,
    "n": 1188,
    "p10": 0.9235354283833019,
    "p50": 1.4385657139926709,
    "p90": 1.4999999996944446,
    "nominal_step": 100.0
  },
  "cohort_b:training_load:resting_hr": {
    "cohort": "cohort_b",
    "action": "training_load",
    "outcome": "resting_hr",
    "mean": 1.3016362050919952,
    "variance": 0.1139647794355058,
    "raw_std": 0.238709844199507,
    "inflated_std": 0.33758669913891126,
    "n": 416,
    "p10": 0.9245271426688147,
    "p50": 1.4336071425651142,
    "p90": 1.4999999996944446,
    "nominal_step": 100.0
  },
  "cohort_a:training_load:resting_hr": {
    "cohort": "cohort_a",
    "action": "training_load",
    "outcome": "resting_hr",
    "mean": 1.306352479669686,
    "variance": 0.1112016173843067,
    "raw_std": 0.23579823725412655,
    "inflated_std": 0.33346906510845453,
    "n": 534,
    "p10": 0.9241965712403062,
    "p50": 1.4286485711375465,
    "p90": 1.4999999996944446,
    "nominal_step": 100.0
  },
  "cohort_c:training_load:resting_hr": {
    "cohort": "cohort_c",
    "action": "training_load",
    "outcome": "resting_hr",
    "mean": 1.3090992134188058,
    "variance": 0.11453696556809441,
    "raw_std": 0.2393083424873592,
    "inflated_std": 0.33843310353464895,
    "n": 238,
    "p10": 0.915932285527706,
    "p50": 1.4699699997005653,
    "p90": 1.4999999996944446,
    "nominal_step": 100.0
  },
  "__all__:sleep_duration:hrv_daily": {
    "cohort": "__all__",
    "action": "sleep_duration",
    "outcome": "hrv_daily",
    "mean": 0.13540993265993234,
    "variance": 0.002256411999963405,
    "raw_std": 0.03358877788758773,
    "inflated_std": 0.047501705232164085,
    "n": 1188,
    "p10": 0.11149999999999949,
    "p50": 0.1115000000000066,
    "p90": 0.2054142857142857,
    "nominal_step": 0.5
  },
  "cohort_b:sleep_duration:hrv_daily": {
    "cohort": "cohort_b",
    "action": "sleep_duration",
    "outcome": "hrv_daily",
    "mean": 0.13603296703296702,
    "variance": 0.002329153346068712,
    "raw_std": 0.03412589446497126,
    "inflated_std": 0.04826130278047529,
    "n": 416,
    "p10": 0.11149999999999949,
    "p50": 0.1115000000000066,
    "p90": 0.2064999999999948,
    "nominal_step": 0.5
  },
  "cohort_a:sleep_duration:hrv_daily": {
    "cohort": "cohort_a",
    "action": "sleep_duration",
    "outcome": "hrv_daily",
    "mean": 0.13457651150347733,
    "variance": 0.002193116761034572,
    "raw_std": 0.03311432289081699,
    "inflated_std": 0.04683072454099522,
    "n": 534,
    "p10": 0.11149999999999949,
    "p50": 0.1115000000000066,
    "p90": 0.19917142857142944,
    "nominal_step": 0.5
  },
  "cohort_c:sleep_duration:hrv_daily": {
    "cohort": "cohort_c",
    "action": "sleep_duration",
    "outcome": "hrv_daily",
    "mean": 0.13619087635053972,
    "variance": 0.002284709241237186,
    "raw_std": 0.033798736967800926,
    "inflated_std": 0.04779863221094497,
    "n": 238,
    "p10": 0.11149999999999949,
    "p50": 0.1115000000000066,
    "p90": 0.2027000000000001,
    "nominal_step": 0.5
  },
  "__all__:bedtime:sleep_quality": {
    "cohort": "__all__",
    "action": "bedtime",
    "outcome": "sleep_quality",
    "mean": 0.4607862962962966,
    "variance": 0.8869011935098631,
    "raw_std": 0.6659208637330201,
    "inflated_std": 0.9417543169584428,
    "n": 1188,
    "p10": -0.16949999999999932,
    "p50": 0.11056000000000665,
    "p90": 1.2935000000000016,
    "nominal_step": -0.5
  },
  "cohort_b:bedtime:sleep_quality": {
    "cohort": "cohort_b",
    "action": "bedtime",
    "outcome": "sleep_quality",
    "mean": 0.4770937500000001,
    "variance": 0.9009695161433738,
    "raw_std": 0.6711816133295718,
    "inflated_std": 0.949194140386135,
    "n": 416,
    "p10": -0.16949999999999932,
    "p50": 0.15235999999999805,
    "p90": 1.2935000000000016,
    "nominal_step": -0.5
  },
  "cohort_a:bedtime:sleep_quality": {
    "cohort": "cohort_a",
    "action": "bedtime",
    "outcome": "sleep_quality",
    "mean": 0.46373086142322145,
    "variance": 0.8849888909576128,
    "raw_std": 0.6652025597356089,
    "inflated_std": 0.9407384817033971,
    "n": 534,
    "p10": -0.16949999999999932,
    "p50": 0.15236000000000516,
    "p90": 1.2935000000000016,
    "nominal_step": -0.5
  },
  "cohort_c:bedtime:sleep_quality": {
    "cohort": "cohort_c",
    "action": "bedtime",
    "outcome": "sleep_quality",
    "mean": 0.42567579831932817,
    "variance": 0.8706033108101122,
    "raw_std": 0.6597739426538881,
    "inflated_std": 0.9330612578014973,
    "n": 238,